name,country,gender,boulder_points,lead_points,combined_points,highest_grade,count_8c_plus,avg_grade_first5
sorato ANRAKU,JPN,male,3640.0,2971.0,6313.0,0,0,0.0
dohyun LEE,KOR,male,3183.0,2343.0,4320.0,0,0,0.0
meichi NARASAKI,JPN,male,2860.0,0.0,0.0,0,0,0.0
tomoa NARASAKI,JPN,male,2849.0,765.0,3600.0,0,0,0.0
sohta AMAGASA,JPN,male,2619.0,0.0,0.0,0,0,0.0
toby ROBERTS,GBR,male,2365.0,3380.0,6490.0,0,0,0.0
sam AVEZOU,FRA,male,2118.0,3059.0,3898.0,0,0,0.0
maximillian MILNE,GBR,male,1879.7,490.0,2061.7,0,0,0.0
jongwon CHON,KOR,male,1506.5,267.5,1534.5,0,0,0.0
manuel CORNU,FRA,male,1444.5,0.0,0.0,0,0,0.0
anze PEHARC,SLO,male,1414.7,162.0,1078.7,0,0,0.0
dayan AKHTAR,GBR,male,1376.0,0.0,0.0,0,0,0.0
ritsu KAYOTANI,JPN,male,1375.0,0.0,0.0,0,0,0.0
yuji FUJIWAKI,JPN,male,1341.0,0.0,0.0,0,0,0.0
hannes VAN DUYSEN,BEL,male,1243.0,1048.0,2388.0,8a,0,19.0
jakob SCHUBERT,AUT,male,1242.5,1000.0,3967.5,9a+,26,23.21
mejdi SCHALCK,FRA,male,1208.0,738.0,1523.0,9a+,10,23.33
adam ONDRA,CZE,male,1185.0,1185.0,2918.0,9c,388,25.54
paul JENFT,FRA,male,1019.5,1200.0,2673.0,9a,8,22.88
colin DUFFY,USA,male,975.0,1765.0,4110.0,9a,5,22.58
jan-luca POSCH,AUT,male,942.2,0.0,0.0,8c+,1,23.33
yannick FLOHÉ,GER,male,893.0,943.0,2388.0,9a+,12,23.56
thomas LEMAGNER,FRA,male,865.0,0.0,0.0,0,0,0.0
alberto GINÉS LÓPEZ,ESP,male,831.0,1286.0,2579.0,9a,14,22.62
adam SHAHAR,USA,male,786.5,0.0,0.0,0,0,0.0
nicolai UZNIK,AUT,male,727.5,158.0,692.5,8c+,2,21.56
sascha LEHMANN,SUI,male,719.2,2340.0,2378.0,9a,15,22.57
oscar BAUDRAND,CAN,male,709.0,449.0,998.0,0,0,0.0
satone YOSHIDA,JPN,male,687.0,2239.0,2067.0,0,0,0.0
samuel RICHARD,FRA,male,680.0,0.0,0.0,8c,0,21.5
elias ARRIAGADA KRÜGER,GER,male,674.5,0.0,0.0,0,0,0.0
yoshiyuki OGATA,JPN,male,644.8,1383.0,1483.3,0,0,0.0
nikolay RUSEV,BUL,male,587.5,78.0,624.0,9a+,7,23.0
ardch INTRACHUPONGSE,THA,male,571.5,0.0,0.0,0,0,0.0
gregor VEZONIK,SLO,male,550.7,0.0,0.0,9a,1,20.92
timotej ROMŠAK,SLO,male,531.5,0.0,0.0,0,0,0.0
nicolò SARTIRANA,ITA,male,441.7,0.0,0.0,0,0,0.0
nicolas COLLIN,BEL,male,425.7,291.0,528.7,7b,0,13.0
hamish MCARTHUR,GBR,male,403.0,403.0,1766.0,0,0,0.0
alexander MEGOS,GER,male,378.0,1183.0,1883.0,9a+,99,23.97
filip SCHENK,ITA,male,365.7,1203.0,1026.0,9a,13,22.36
julien CLÉMENCE,SUI,male,358.2,0.0,0.0,8c,0,19.91
kodai YAMADA,JPN,male,350.2,0.0,0.0,0,0,0.0
yufei PAN,CHN,male,343.0,446.0,1296.0,0,0,0.0
max KLEESATTEL,GER,male,331.0,0.0,0.0,0,0,0.0
ram LEVIN,ISR,male,326.0,0.0,0.0,8c,0,19.27
charles BARRON,USA,male,314.0,0.0,0.0,8b+,0,22.0
edvards GRUZITIS,LAT,male,297.0,23.0,278.5,0,0,0.0
nimrod MARCUS,ISR,male,290.5,275.5,350.0,0,0,0.0
slav KIROV,BUL,male,288.0,27.0,315.0,8b,0,18.94
luka POTOCAR,SLO,male,286.0,1103.0,1525.0,0,0,0.0
junzhe HU,CHN,male,268.0,78.7,314.0,0,0,0.0
dylan PARKS,AUS,male,255.3,28.0,255.0,9a+,8,23.24
simon LORENZI,BEL,male,253.5,192.0,277.5,0,0,0.0
mickael MAWEM,FRA,male,247.0,7.0,247.0,0,0,0.0
guillermo PEINADO FRANGANILLO,ESP,male,225.5,848.0,1027.5,8b,0,17.76
malo GILLY-EYDOUX,AUS,male,225.0,0.0,0.0,0,0,0.0
benjamin HANNA,USA,male,214.5,6.7,221.2,0,0,0.0
ravianto RAMADHAN,INA,male,213.5,281.5,426.5,0,0,0.0
yejun CHON,KOR,male,210.0,0.0,0.0,0,0,0.0
benjamin VARGAS,CHI,male,193.5,22.0,209.5,8a+,0,19.5
yunchan SONG,KOR,male,190.5,184.0,223.5,0,0,0.0
yannick NAGEL,GER,male,172.8,312.0,318.8,8a,0,16.09
sam LAVENDER,AUS,male,171.0,0.0,0.0,0,0,0.0
geva LEVIN,ISR,male,164.0,19.3,165.3,0,0,0.0
thorben perry BLOEM,GER,male,163.5,0.0,0.0,0,0,0.0
campbell HARRISON,AUS,male,160.0,131.0,709.0,0,0,0.0
andreas HOFHERR,AUT,male,153.5,0.0,0.0,0,0,0.0
jack MACDOUGALL,GBR,male,146.5,59.0,154.5,0,0,0.0
aiden YANEV,AUS,male,138.0,0.0,0.0,0,0,0.0
luke GOH WEN BIN,SGP,male,130.8,15.0,145.8,0,0,0.0
stefano GHISOLFI,ITA,male,120.3,1199.0,1080.3,9b+,90,25.24
ido FIDEL,ISR,male,116.7,0.0,0.0,0,0,0.0
jonas UTELLI,SUI,male,116.0,1243.0,1119.0,8c+,1,22.43
louis FECHOZ,AUS,male,115.0,0.0,0.0,0,0,0.0
taiga SAKAMOTO,JPN,male,112.5,0.0,0.0,0,0,0.0
stefan SCHERZ,AUT,male,108.0,530.5,516.0,9a+,15,23.09
maxim PARE,AUS,male,99.5,0.0,0.0,0,0,0.0
zan LOVENJAK SUDAR,SLO,male,99.0,31.0,99.0,8c+,1,21.52
kito MARTINI,FRA,male,96.5,0.0,0.0,0,0,0.0
hannes PUMAN,SWE,male,95.0,158.0,174.0,8c,0,20.31
oren PRIHED,ISR,male,93.0,0.0,0.0,0,0,0.0
lasse VON FREIER,GER,male,86.0,0.0,0.0,0,0,0.0
martin BERGANT,SLO,male,78.0,122.0,119.0,9a,4,21.95
martin STRANIK,CZE,male,74.0,712.0,612.0,8b,0,19.67
raviandi RAMADHAN,INA,male,72.0,258.0,279.0,0,0,0.0
paul BRAND,NED,male,71.0,0.0,0.0,8b+,0,19.12
nathan MARTIN,LUX,male,69.2,0.0,0.0,0,0,0.0
marley FARQUHARSON,AUS,male,69.0,0.0,0.0,0,0,0.0
adrien LEMAIRE,FRA,male,65.0,0.0,0.0,0,0,0.0
antoine GIRARD,FRA,male,62.0,0.0,0.0,8a,0,17.67
joshua DAMASCO,AUS,male,57.0,0.0,0.0,0,0,0.0
cheuk-hei HO,HKG,male,54.0,0.0,0.0,0,0,0.0
dillon COUNTRYMAN,USA,male,52.0,0.0,0.0,0,0,0.0
yuval SHEMLA,ISR,male,51.0,355.0,344.0,8a+,0,19.5
alex KHAZANOV,ISR,male,49.0,49.0,49.0,9a,6,22.77
jesse RUFFINI,AUS,male,48.0,0.0,0.0,0,0,0.0
guy MCNAMEE,CAN,male,47.0,16.0,63.0,0,0,0.0
leo FAVOT,FRA,male,47.0,0.0,0.0,0,0,0.0
pietro VIDI,ITA,male,41.0,0.0,0.0,9a,9,22.26
ben ABEL,AUS,male,40.0,0.0,0.0,0,0,0.0
rodrigo IASI HANADA,BRA,male,36.5,19.5,56.0,8c,0,19.27
matic KOTAR,SLO,male,36.5,0.0,0.0,0,0,0.0
jinwei YAO,CHN,male,34.5,85.0,119.5,0,0,0.0
luka SUGIMOTO-FAULKNER,NZL,male,33.0,0.0,0.0,0,0,0.0
hugo HOYER,USA,male,32.2,37.0,62.7,8a+,0,18.5
jiahao FU,CHN,male,32.0,0.0,0.0,0,0,0.0
iman AREZEH,IRI,male,31.5,0.0,0.0,0,0,0.0
sean MCCOLL,CAN,male,29.0,29.0,29.0,0,0,0.0
zach RICHARDSON,CAN,male,28.3,0.0,0.0,0,0,0.0
chih-en FAN,TPE,male,27.8,111.0,138.8,0,0,0.0
michael O'NEILL,IRL,male,27.5,1.0,28.5,0,0,0.0
yonatan KATZ,ISR,male,27.0,0.0,0.0,0,0,0.0
max THOMAS,AUS,male,27.0,0.0,0.0,7c,0,14.1
jack BURNINGHAM,RSA,male,25.5,0.0,0.0,0,0,0.0
raffael GRUBER,AUT,male,23.7,0.0,0.0,8a,0,19.0
chua DENNIS,SGP,male,23.7,0.0,0.0,0,0,0.0
alexandru-florian ZAHARIA,ROU,male,23.0,0.0,0.0,0,0,0.0
marcello BOMBARDI,ITA,male,21.0,58.0,58.0,9a+,27,23.05
dylan SOIN,AUS,male,21.0,12.5,33.5,0,0,0.0
simon HIBBELER,USA,male,19.0,0.0,0.0,0,0,0.0
giorgio TOMATIS,ITA,male,18.0,554.5,398.0,9b,20,23.12
lucas TRANDAFIR,GER,male,17.5,0.0,0.0,8c,0,20.33
tomer YAKOBOVITCH,ISR,male,17.0,0.0,0.0,0,0,0.0
ned MIDDLEHURST,AUS,male,17.0,0.0,0.0,0,0,0.0
nimród sebestyén TUSNÁDY,HUN,male,17.0,17.3,20.3,0,0,0.0
zach GALLA,USA,male,16.0,0.0,0.0,8b,0,19.13
dragoș gabriel FLUERARU,ROU,male,16.0,0.0,0.0,0,0,0.0
joaquin URRUTIA,CHI,male,15.5,23.0,38.5,0,0,0.0
seungchan CHOI,KOR,male,15.3,11.0,26.3,0,0,0.0
james POPE,GBR,male,15.0,15.0,15.0,7b+,0,12.83
timo UZNIK,AUT,male,14.8,166.0,180.8,8c,0,20.46
wan tong LOK,MAC,male,14.8,11.0,25.8,0,0,0.0
sungjoon CHAE,KOR,male,14.8,0.0,0.0,0,0,0.0
ilja AUERSPERG,AUT,male,13.5,0.0,0.0,8c,0,19.77
christopher COSSER,RSA,male,13.5,0.0,0.0,8c,0,23.0
călin ENACHE,ROU,male,13.3,0.0,0.0,0,0,0.0
ali SALIMIAN,IRI,male,13.0,5.0,18.0,0,0,0.0
finlay CATE,NZL,male,12.0,0.0,0.0,0,0,0.0
peter KURIC,SVK,male,11.5,5.0,16.5,9a,3,21.5
pietro BIAGINI,ITA,male,11.5,0.0,0.0,8c+,2,21.11
jonas KÖRNER,GER,male,10.5,0.0,0.0,6b,0,9.0
qun tao KE,MAS,male,10.3,26.0,33.3,0,0,0.0
sungbo SEO,KOR,male,10.0,0.0,0.0,0,0,0.0
ziqi XU,CHN,male,10.0,0.0,0.0,0,0,0.0
cheung-chi shoji CHAN,HKG,male,10.0,35.5,45.5,0,0,0.0
theis lindegren ELFENBEIN,DEN,male,9.0,0.0,0.0,0,0,0.0
alexander t CVETKOVSKI,AUS,male,9.0,0.0,0.0,0,0,0.0
dohyeon KIM,KOR,male,8.7,0.0,0.0,0,0,0.0
yongchen CHEN,CHN,male,8.5,26.0,34.5,0,0,0.0
hossein FAMILROHANI,IRI,male,8.5,6.0,14.5,8a,0,16.67
julian SCHRITTWIESER,AUT,male,8.0,0.0,0.0,0,0,0.0
christian WAGNER,CHI,male,7.7,0.0,0.0,7b+,0,13.58
auswin AUEAREECHIT,THA,male,7.0,47.0,54.0,8c,0,23.0
tzu-yu CHOU,TPE,male,7.0,15.0,22.0,0,0,0.0
lukas MOKROLUSKY,CZE,male,6.5,15.5,22.0,8c,0,20.33
nathan SATO,USA,male,6.0,84.0,90.0,8c,0,20.32
tyler BERGIN,AUS,male,6.0,0.0,0.0,0,0,0.0
alexandre NOËL,BEL,male,6.0,8.0,14.0,0,0,0.0
quitugua MICHAEL,GUM,male,5.8,0.0,0.0,0,0,0.0
vin SUKAPANPOTHARAM,THA,male,5.8,0.0,0.0,8b+,0,18.8
aman VERMA,IND,male,5.8,9.0,14.8,0,0,0.0
sulaiman ALYAHYA,KSA,male,5.8,0.0,0.0,0,0,0.0
chuluunbaatar MANDAKHBAYAR,MGL,male,5.8,7.0,12.8,0,0,0.0
kenu PUERTA WONG,PER,male,5.0,0.0,0.0,0,0,0.0
thor VILLEGAS GARCÍA,MEX,male,5.0,0.0,0.0,0,0,0.0
felipe HO FOGANHOLO,BRA,male,5.0,22.5,27.5,9a,4,22.19
victor BAUDRAND,CAN,male,5.0,39.3,44.3,8c+,2,21.64
bingtang WANG,CHN,male,5.0,0.0,0.0,0,0,0.0
jakub ZIETEK,POL,male,5.0,0.0,0.0,0,0,0.0
julian WIMMER,AUT,male,5.0,0.0,0.0,8b,0,18.22
matthew RODRIGUEZ,CAN,male,5.0,0.0,0.0,0,0,0.0
jair octavio MORENO MONTOYA,MEX,male,4.5,6.0,10.5,0,0,0.0
tim WÜRTHNER,GER,male,4.5,0.0,0.0,8b+,0,20.0
corentin LAPORTE,BEL,male,4.5,5.0,9.5,0,0,0.0
jan STIPEK,CZE,male,4.3,142.5,146.8,9a,2,21.82
azat MAIKOTOV,KAZ,male,4.2,8.0,12.2,0,0,0.0
christos SOFOKLEOUS,CYP,male,4.2,7.0,11.2,0,0,0.0
muhammad akif nukman NAZRILAZDIN,MAS,male,4.2,0.0,0.0,0,0,0.0
donovan VICENTE,GUM,male,4.2,0.0,0.0,0,0,0.0
taher ALHADDAD,KSA,male,4.2,8.0,12.2,0,0,0.0
axel LINDFORS,FIN,male,4.0,0.0,0.0,0,0,0.0
william FLORES,PUR,male,4.0,8.0,12.0,8b+,0,18.8
samuel carlos DA SILVA,BRA,male,3.5,10.0,13.5,0,0,0.0
yago GANCEDO,MEX,male,3.3,0.0,0.0,0,0,0.0
rolands RUGENS,LAT,male,3.0,0.0,0.0,8a+,0,15.5
simon POTUCEK,CZE,male,3.0,50.5,40.0,0,0,0.0
owen PALMER,AUS,male,3.0,0.0,0.0,0,0,0.0
roman SIVAKOV,LTU,male,3.0,0.0,0.0,0,0,0.0
ming shu GAN,TPE,male,3.0,0.0,0.0,0,0,0.0
muhammad ayman FIRAS,MAS,male,3.0,0.0,0.0,0,0,0.0
albin MEYER,SWE,male,2.0,11.0,13.0,0,0,0.0
suraj SINGH,IND,male,2.0,0.0,0.0,8b,0,15.88
meritas BABILAS,LTU,male,2.0,0.0,0.0,0,0,0.0
tuukka SIMONEN,FIN,male,2.0,0.0,0.0,0,0,0.0
mateus RODRIGUES BELLOTTO,BRA,male,2.0,0.0,0.0,0,0,0.0
mark SCANLON,IRL,male,1.0,0.0,0.0,0,0,0.0
garcía fernández del valle PEDRO,MEX,male,1.0,0.0,0.0,0,0,0.0
joshua kyri STELIOU,CYP,male,1.0,0.0,0.0,0,0,0.0
filip MATEJIČKA,SVK,male,1.0,0.0,0.0,8c,0,20.41
diego LEQUERICA BUSCAGLIA,PER,male,1.0,0.0,0.0,0,0,0.0
per RAVLO-CASPERSEN,NOR,male,1.0,3.0,4.0,0,0,0.0
shion OMATA,JPN,male,0.0,3190.0,0.0,0,0,0.0
zento MURASHITA,JPN,male,0.0,2990.0,0.0,0,0,0.0
taisei HOMMA,JPN,male,0.0,2235.0,0.0,0,0,0.0
shuta TANAKA,JPN,male,0.0,2002.0,0.0,0,0,0.0
ao YURIKUSA,JPN,male,0.0,1935.0,0.0,0,0,0.0
max BERTONE,FRA,male,0.0,1743.0,0.0,9a,5,22.23
yuta IMAIZUMI,JPN,male,0.0,1483.0,0.0,0,0,0.0
kibeom KWON,KOR,male,0.0,1345.0,0.0,0,0,0.0
masahiro HIGUCHI,JPN,male,0.0,964.0,0.0,0,0,0.0
sebastian HALENKE,GER,male,0.0,726.5,0.0,0,0,0.0
mototaka ISHIZU,JPN,male,0.0,724.0,0.0,0,0,0.0
giovanni PLACCI,ITA,male,0.0,660.0,0.0,0,0,0.0
nino GRÜNENFELDER,SUI,male,0.0,520.0,0.0,9a,3,22.67
ties VANCRAEYNEST,BEL,male,0.0,497.0,0.0,0,0,0.0
philipp MARTIN,GER,male,0.0,421.0,0.0,5b,0,3.0
christoph HANKE,GER,male,0.0,405.0,0.0,8a+,0,17.32
jules MARCHALAND,FRA,male,0.0,339.0,0.0,9a+,31,23.36
hyunbin MIN,KOR,male,0.0,237.0,0.0,0,0,0.0
shinyeong YUN,KOR,male,0.0,220.0,0.0,0,0,0.0
jordi POLES,FRA,male,0.0,130.5,0.0,8c,0,20.21
ross FULKERSON,USA,male,0.0,130.0,0.0,8c,0,20.9
max DINGER,GER,male,0.0,98.0,0.0,0,0,0.0
musauwir MUSAUWIR,INA,male,0.0,95.0,0.0,0,0,0.0
jesse GRUPPER,USA,male,0.0,84.0,547.0,0,0,0.0
lucas DUFROS,FRA,male,0.0,67.0,0.0,0,0,0.0
arsène DUVAL,FRA,male,0.0,64.0,0.0,0,0,0.0
hakjin LEE,KOR,male,0.0,56.0,0.0,0,0,0.0
leo AVEZOU,FRA,male,0.0,50.0,0.0,0,0,0.0
felix MADER,AUT,male,0.0,48.0,0.0,0,0,0.0
hyunseung NOH,KOR,male,0.0,42.0,0.0,0,0,0.0
dimitri FLICK,SUI,male,0.0,41.0,0.0,9a+,11,22.93
nao MONCHOIS,FRA,male,0.0,39.0,0.0,9a+,12,22.93
radin FOROUGHIAN,IRI,male,0.0,37.0,0.0,0,0,0.0
davide marco COLOMBO,ITA,male,0.0,37.0,0.0,8c+,1,21.29
darius RÂPĂ,ROU,male,0.0,35.0,0.0,0,0,0.0
lovro CREP,SLO,male,0.0,34.5,0.0,8c+,2,21.42
declan OSGOOD,USA,male,0.0,33.7,0.0,0,0,0.0
guoqing NI,CHN,male,0.0,32.0,0.0,0,0,0.0
mikel asier LINACISORO MOLINA,ESP,male,0.0,32.0,0.0,0,0,0.0
milan PRESKAR,SLO,male,0.0,28.0,0.0,8c,0,20.12
rhys CONLON,GBR,male,0.0,15.0,0.0,8c,0,19.95
sanghyeon HAN,KOR,male,0.0,15.0,0.0,0,0,0.0
johannes HOFHERR,AUT,male,0.0,14.7,0.0,9a,7,22.08
gorazd JUREKOVIC,SLO,male,0.0,12.5,0.0,0,0,0.0
chi-fung AU,HKG,male,0.0,12.0,0.0,0,0,0.0
maël GRENIER,FRA,male,0.0,11.0,0.0,8c+,1,21.67
elliot ERIKSSON,SWE,male,0.0,11.0,0.0,8a+,0,17.5
seyedmohammadzaniar EBRAHIMI,IRI,male,0.0,10.0,0.0,0,0,0.0
poksakon CHOTIKKRAI,THA,male,0.0,9.0,0.0,0,0,0.0
muhammed oğuz KAĞANOĞLU,TUR,male,0.0,9.0,0.0,0,0,0.0
kindar MCNAMEE,CAN,male,0.0,9.0,0.0,0,0,0.0
joseph WALMSLEY,GBR,male,0.0,8.0,0.0,0,0,0.0
mel JANSE VAN RENSBURG,RSA,male,0.0,8.0,396.0,9a,3,22.0
alexey PANFILOV,KAZ,male,0.0,8.0,0.0,0,0,0.0
luka JERMAN,SLO,male,0.0,7.5,0.0,0,0,0.0
nidhal DAQNAH,KSA,male,0.0,7.0,0.0,0,0,0.0
hugo PARMENTIER,FRA,male,0.0,7.0,0.0,9b,21,24.14
allen LACTAOEN,GUM,male,0.0,6.0,0.0,0,0,0.0
mohammad GARAKANI,IRI,male,0.0,6.0,0.0,0,0,0.0
stanley AU,GUM,male,0.0,6.0,0.0,8a,0,16.88
ege DUMAN,TUR,male,0.0,6.0,0.0,8b+,0,19.0
yuping MEI,CHN,male,0.0,6.0,0.0,0,0,0.0
nima SANGZHU,CHN,male,0.0,6.0,0.0,0,0,0.0
dante CABALLERO,CHI,male,0.0,5.0,0.0,0,0,0.0
samo GOLOB,SLO,male,0.0,5.0,0.0,0,0,0.0
mark BRAND,NED,male,0.0,4.0,0.0,9a,1,21.02
michail VOLYRAKIS,GRE,male,0.0,3.0,0.0,0,0,0.0
eliáš KYSELA,SVK,male,0.0,3.0,0.0,9a,8,22.83
illia BAKHMET-SMOLENSKYI,UKR,male,0.0,3.0,0.0,9a,17,22.46
gergő VÁLYI,HUN,male,0.0,2.0,0.0,0,0,0.0
marco BAUHOFER,AUT,male,0.0,1.0,0.0,0,0,0.0
mykyta MYRONENKO,UKR,male,0.0,1.0,0.0,0,0,0.0
bharath PEREIRA,IND,male,0.0,1.0,0.0,0,0,0.0
natalia GROSSMAN,USA,female,2610.0,0.0,3423.0,0,0,0.0
oceania MACKENZIE,AUS,female,2405.0,1272.0,3828.0,0,0,0.0
mao NAKAMURA,JPN,female,2394.5,241.0,1841.0,0,0,0.0
zélia AVEZOU,FRA,female,2387.0,1983.0,3765.0,0,0,0.0
annie SANDERS,USA,female,2365.0,2590.0,3980.0,0,0,0.0
erin MCNEICE,GBR,female,2262.5,2275.0,4183.0,0,0,0.0
naïlé MEIGNAN,FRA,female,2175.0,0.0,0.0,0,0,0.0
anon MATSUFUJI,JPN,female,2123.0,0.0,0.0,0,0,0.0
janja GARNBRET,SLO,female,2000.0,3000.0,7500.0,0,0,0.0
miho NONAKA,JPN,female,1739.0,893.0,2689.0,0,0,0.0
chaehyun SEO,KOR,female,1598.0,3046.0,4086.0,0,0,0.0
brooke RABOUTOU,USA,female,1545.0,1000.0,3558.0,8c,0,20.33
zhilu LUO,CHN,female,1503.0,1753.0,3370.0,0,0,0.0
camilla MORONI,ITA,female,1306.5,694.0,2227.5,8b+,0,19.22
futaba ITO,JPN,female,1303.5,953.0,1653.5,0,0,0.0
melody SEKIKAWA,JPN,female,1303.0,0.0,0.0,0,0,0.0
oriane BERTONE,FRA,female,1260.0,48.0,2346.0,8c+,2,21.31
agathe CALLIET,FRA,female,1247.0,0.0,0.0,8a+,0,18.73
jessica PILZ,AUT,female,1240.0,3220.0,5140.0,9a+,7,22.12
jennifer eucharia BUCKLEY,SLO,female,1185.0,560.0,1745.0,0,0,0.0
katja DEBEVEC,SLO,female,1145.0,27.0,867.0,0,0,0.0
anna maria APEL,GER,female,1134.0,0.0,0.0,0,0,0.0
madison RICHARDSON,CAN,female,948.2,0.0,0.0,0,0,0.0
ayala KEREM,ISR,female,897.5,215.0,1028.5,0,0,0.0
lucia DÖRFFEL,GER,female,822.0,384.0,896.0,8c,0,21.17
fanny GIBERT,FRA,female,809.5,107.0,759.5,8b,0,18.89
chloe CAULIER,BEL,female,773.5,93.5,780.5,8a+,0,18.0
alma BESTVATER,GER,female,761.2,0.0,0.0,0,0,0.0
sofya YOKOYAMA,SUI,female,714.5,0.0,0.0,0,0,0.0
lucija TARKUS,SLO,female,644.0,770.0,975.0,8c+,1,21.08
ai MORI,JPN,female,636.7,2610.0,4771.7,8a,0,19.0
laura ROGORA,ITA,female,618.0,2543.0,2726.0,9a,6,22.29
ievgeniia KAZBEKOVA,UKR,female,618.0,686.0,1666.0,0,0,0.0
stasa GEJO,SRB,female,596.0,345.0,816.0,8c,0,19.94
afra HÖNIG,GER,female,583.0,0.0,0.0,7c+,0,15.42
mia KRAMPL,SLO,female,540.5,1828.0,2058.5,8c,0,20.46
franziska STERRER,AUT,female,540.0,119.0,508.5,7b,0,12.15
kyra CONDIE,USA,female,503.8,91.0,521.5,0,0,0.0
giorgia TESIO,ITA,female,499.0,125.0,534.5,8b+,0,19.0
selma ELHADJ MIMOUNE,FRA,female,463.5,0.0,0.0,0,0,0.0
kylie CULLEN,USA,female,447.5,46.0,451.5,8b+,0,18.73
maya DREAMER,ISR,female,420.0,0.0,0.0,0,0,0.0
yuetong ZHANG,CHN,female,371.5,1195.0,2188.0,0,0,0.0
giulia MEDICI,ITA,female,350.7,0.0,0.0,0,0,0.0
hannah MEUL,GER,female,337.0,472.0,712.0,0,0,0.0
jain KIM,KOR,female,335.0,1338.0,1270.0,0,0,0.0
natsumi HIRANO,JPN,female,326.5,0.0,0.0,0,0,0.0
molly THOMPSON-SMITH,GBR,female,316.5,586.0,1024.5,8a+,0,17.5
miku ISHII,JPN,female,315.8,0.0,0.0,0,0,0.0
lucy GARLICK,GBR,female,282.8,0.0,0.0,0,0,0.0
maya STASIUK,AUS,female,278.8,50.0,287.8,0,0,0.0
andrea KÜMIN,SUI,female,264.3,0.0,0.0,8c,0,20.17
martina BURŠÍKOVÁ,SVK,female,244.5,32.0,248.5,0,0,0.0
manon HILY,FRA,female,223.0,1225.5,1130.5,8c+,5,21.26
flavy COHAUT,FRA,female,199.0,0.0,0.0,0,0,0.0
johanna FÄRBER,AUT,female,189.0,0.0,0.0,0,0,0.0
roxana WIENAND,GER,female,182.5,38.0,182.5,0,0,0.0
ryu NAKAGAWA,JPN,female,173.5,344.0,433.5,0,0,0.0
summer FRASER,AUS,female,167.0,0.0,0.0,0,0,0.0
yejoo SEO,KOR,female,166.5,145.0,246.5,0,0,0.0
florence GRÜNEWALD,GER,female,163.8,0.0,0.0,0,0,0.0
yejin JUNG,KOR,female,162.5,0.0,0.0,0,0,0.0
lily ABRIAT,FRA,female,155.0,0.0,0.0,0,0,0.0
michaela SMETANOVA,CZE,female,152.0,421.0,454.0,8a+,0,17.38
hélène JANICOT,FRA,female,151.0,1473.0,1101.0,0,0,0.0
anna LECHNER,GER,female,148.0,0.0,0.0,0,0,0.0
vita LUKAN,SLO,female,146.0,889.0,816.0,8c+,2,21.57
petra KLINGLER,SUI,female,140.5,118.0,157.5,0,0,0.0
babette ROY,CAN,female,137.5,18.0,155.5,0,0,0.0
sara COPAR,SLO,female,134.0,1194.5,942.0,0,0,0.0
claire CHEFFINGS,AUS,female,132.0,0.0,0.0,0,0,0.0
valentina AGUADO,ARG,female,127.0,229.5,283.0,0,0,0.0
adriene akiko CLARK,USA,female,120.0,206.0,326.0,0,0,0.0
lisa KLEM,NED,female,118.7,0.0,0.0,0,0,0.0
amber SCHIFFELEERS,NED,female,116.0,0.0,0.0,0,0,0.0
helen GILLETT,USA,female,114.0,14.0,121.0,0,0,0.0
gayeon CHO,KOR,female,112.5,235.0,347.5,0,0,0.0
lea KEMPF,AUT,female,108.0,0.0,0.0,0,0,0.0
rose WELLER,AUS,female,106.0,0.0,0.0,0,0,0.0
clea HALL,AUS,female,85.0,0.0,0.0,0,0,0.0
alannah YIP,CAN,female,81.0,60.0,81.0,7c+,0,16.0
yael TAUB,ISR,female,79.5,0.0,0.0,0,0,0.0
ingrid KINDLIHAGEN,NOR,female,79.0,17.5,118.5,8b,0,18.27
judith CARROLL,AUS,female,69.0,0.0,0.0,0,0,0.0
julija KRUDER,SLO,female,68.0,0.0,0.0,8a,0,16.3
emily SCOTT,AUS,female,59.5,25.0,84.5,0,0,0.0
sandra LETTNER,AUT,female,58.8,0.0,0.0,0,0,0.0
elnaz REKABI,IRI,female,58.5,48.0,58.5,0,0,0.0
noa SHIRAN,ISR,female,58.0,378.0,397.0,8c,0,23.0
hung ying LEE,TPE,female,58.0,63.0,121.0,0,0,0.0
abi LANCE,AUS,female,56.0,0.0,0.0,0,0,0.0
xuanzhen CHEN,CHN,female,53.0,61.0,114.0,0,0,0.0
sol SA,KOR,female,52.0,82.0,82.0,8c,0,20.5
lucile SAUREL,FRA,female,52.0,0.0,0.0,0,0,0.0
anastasiia KOBETS,UKR,female,48.7,308.0,356.7,0,0,0.0
ema GALEOVA,CZE,female,46.8,12.0,81.8,8b,0,18.44
yajun HUANG,CHN,female,45.0,0.0,0.0,0,0,0.0
eilin TAN,SGP,female,44.5,5.0,49.5,0,0,0.0
maeve BRADBURY,AUS,female,44.0,0.0,0.0,0,0,0.0
xinwen ZHU,CHN,female,35.0,80.0,115.0,0,0,0.0
analise VAN HOANG,USA,female,33.0,0.0,0.0,8a,0,18.33
nekaia SANDERS,USA,female,32.0,0.0,0.0,0,0,0.0
evangelina BRIGGS,CAN,female,31.0,0.0,0.0,0,0,0.0
yali WEI,CHN,female,30.5,153.0,183.5,7b,0,11.78
gayeong OH,KOR,female,30.0,111.0,128.0,0,0,0.0
aleksandra TOTKOVA,BUL,female,28.0,1302.0,1312.0,6c,0,7.93
vanessa si yinn TENG,SGP,female,26.0,34.0,60.0,0,0,0.0
margarita AGAMBAYEVA,KAZ,female,26.0,25.0,51.0,8a,0,16.58
tegwen OATES,RSA,female,25.7,20.0,35.7,7a,0,12.67
francesca MATUELLA,ITA,female,25.5,0.0,0.0,0,0,0.0
heeju NOH,KOR,female,25.5,0.0,0.0,0,0,0.0
christel KOTZE,AUS,female,25.0,0.0,0.0,0,0,0.0
ting-chen YAO,TPE,female,25.0,20.0,45.0,0,0,0.0
yawen MI,CHN,female,25.0,0.0,0.0,0,0,0.0
svana BJARNASON,ISL,female,24.1,31.0,40.3,7c,0,14.4
geila MACIÀ MARTÍN,ESP,female,20.0,468.0,474.0,0,0,0.0
iziar MARTÍNEZ ALMENDROS,ESP,female,20.0,73.0,93.0,9a,1,21.08
iris HEIKKINEN,FIN,female,17.7,19.0,36.7,0,0,0.0
maya VÁSQUEZ,CHI,female,17.5,7.0,24.5,0,0,0.0
sunniva ØVRE-EIDE,NOR,female,17.3,241.0,258.3,0,0,0.0
jordyn DAMASCO,AUS,female,17.0,0.0,0.0,0,0,0.0
anja KÖHLER,BRA,female,16.0,70.2,72.5,0,0,0.0
anna KELLEY,CAN,female,15.5,0.0,0.0,0,0,0.0
pernille TVEDT,NOR,female,15.0,12.0,27.0,5b+,0,4.0
sandra HOPFENSITZ,GER,female,15.0,15.0,15.0,0,0,0.0
lynn VAN DER MEER,NED,female,14.5,1222.0,859.5,8c,0,19.73
yubin HONG,KOR,female,13.0,21.0,34.0,0,0,0.0
eugenie LEE,GBR,female,13.0,0.0,0.0,0,0,0.0
eliska ADAMOVSKA,CZE,female,13.0,22.0,22.0,0,0,0.0
melissa esther CHEN CHEN,PER,female,13.0,9.0,22.0,0,0,0.0
natalie GOH SIHUI,SGP,female,11.5,13.0,24.5,0,0,0.0
chunhua WU,CHN,female,11.5,96.0,107.5,0,0,0.0
sunniva eik HAAVE,NOR,female,11.3,0.0,0.0,7c+,0,14.12
matilde CABEZAS,CHI,female,11.0,13.0,24.0,0,0,0.0
sienna PEREZ,USA,female,11.0,0.0,0.0,0,0,0.0
niamh ALLDRED,AUS,female,11.0,0.0,0.0,0,0,0.0
lea SLOBODOVÁ,SVK,female,11.0,0.0,0.0,0,0,0.0
katya lynn BROCKMAN,MEX,female,10.0,0.0,0.0,0,0,0.0
pak chi SOU,MAC,female,9.7,0.0,0.0,0,0,0.0
kylie BAKER,GUM,female,9.7,8.0,17.7,0,0,0.0
ka kei CHU,MAC,female,9.7,0.0,0.0,0,0,0.0
shin yee CHEN,MAS,female,9.7,11.0,20.7,0,0,0.0
laura FARHAT DE ARAUJO FRAGA TIMO,BRA,female,9.5,1.0,10.5,0,0,0.0
anna BOLIUS,AUT,female,8.0,0.0,0.0,0,0,0.0
jingyu LI,CHN,female,8.0,0.0,0.0,0,0,0.0
arta CELITANE,LAT,female,7.7,0.0,0.0,0,0,0.0
viktorie KONECNA,CZE,female,7.7,0.0,0.0,0,0,0.0
marketa JANOSOVA,CZE,female,7.7,26.0,33.7,8c,0,19.78
arantza LUNA VELASCO,MEX,female,7.0,0.0,0.0,0,0,0.0
natalia de jesús GONZÁLEZ,MEX,female,7.0,0.0,0.0,0,0,0.0
bianka JANECKA,POL,female,7.0,0.0,0.0,0,0,0.0
irina DAZIANO,ITA,female,7.0,0.0,0.0,0,0,0.0
roxy PERRY,AUS,female,6.5,40.5,43.0,0,0,0.0
ariane FRANKEN,AUT,female,6.5,0.0,0.0,0,0,0.0
evdoxia-aikaterini KALLIA,GRE,female,6.5,0.0,0.0,0,0,0.0
tahani ALGOUHI,KSA,female,6.5,0.0,0.0,0,0,0.0
si wan LEI,MAC,female,6.0,11.0,17.0,0,0,0.0
regine STORÅ,NOR,female,6.0,0.0,0.0,0,0,0.0
yun-shan HSIEH,TPE,female,6.0,5.0,11.0,0,0,0.0
louise FLOCKHART,GBR,female,6.0,0.0,0.0,0,0,0.0
nonoha KUME,JPN,female,6.0,6.0,0.0,0,0,0.0
anja SANTINI MIKULIĆ,CRO,female,6.0,5.5,11.5,0,0,0.0
valeri KREMER,ISR,female,6.0,107.0,98.0,0,0,0.0
ziqi elly GAO,HKG,female,5.0,6.0,11.0,0,0,0.0
rosa ARNOLD,FIN,female,5.0,0.0,0.0,0,0,0.0
regina SALAZAR PUGA,MEX,female,5.0,0.0,0.0,0,0,0.0
tihana PICOT,AUS,female,5.0,0.0,0.0,0,0,0.0
sui lin renee TAN,MAS,female,4.5,0.0,0.0,0,0,0.0
iris-olivia RIZAN,ROU,female,4.3,0.0,0.0,0,0,0.0
laura LOIKAS,FIN,female,4.3,0.0,0.0,0,0,0.0
katharina BERGMANN,AUT,female,2.8,0.0,0.0,7a+,0,10.7
karla ZRINSKI,CRO,female,2.8,10.0,12.8,0,0,0.0
valissya MAY,BUL,female,2.8,3.0,5.8,0,0,0.0
alejandra CONTRERAS,CHI,female,2.0,14.0,16.0,7a+,0,11.5
prateeksha ARUN,IND,female,2.0,0.0,0.0,0,0,0.0
federica PAPETTI,ITA,female,1.5,8.0,9.5,0,0,0.0
sina WILLY,AUT,female,1.0,0.0,0.0,0,0,0.0
lukka mörk BLOMSTERBERG,ISL,female,1.0,0.0,0.0,0,0,0.0
ariane JANATA-BURNS,RSA,female,1.0,0.0,0.0,0,0,0.0
mei KOTAKE,JPN,female,0.0,2558.0,0.0,0,0,0.0
mattea PÖTZI,AUT,female,0.0,2470.0,0.0,8c+,1,20.72
natsumi ODA,JPN,female,0.0,1612.0,0.0,0,0,0.0
flora OBLASSER,AUT,female,0.0,1590.0,0.0,0,0,0.0
natsuki TANII,JPN,female,0.0,1580.0,0.0,0,0,0.0
camille POUGET,FRA,female,0.0,1325.0,0.0,8c,0,20.8
rosa REKAR,SLO,female,0.0,1291.0,0.0,0,0,0.0
tomona TAKAO,JPN,female,0.0,1200.0,0.0,0,0,0.0
heloïse DOUMONT,BEL,female,0.0,1012.0,0.0,0,0,0.0
julia FISER,AUT,female,0.0,573.0,0.0,8c,0,19.92
ina PLASSOUX DJIGA,FRA,female,0.0,471.0,0.0,0,0,0.0
lana SKUSEK,SLO,female,0.0,357.0,0.0,8c,0,20.57
eva maria HAMMELMÜLLER,AUT,female,0.0,301.0,0.0,6a+,0,5.55
juha KIM,KOR,female,0.0,257.0,0.0,0,0,0.0
liv EGLI,SUI,female,0.0,165.5,0.0,0,0,0.0
ilaria SCOLARIS,ITA,female,0.0,145.5,0.0,0,0,0.0
momoka MIYAJIMA,JPN,female,0.0,136.0,0.0,0,0,0.0
martina DEMMEL,GER,female,0.0,113.0,0.0,9a,16,21.79
rebecca FRANGOS,CAN,female,0.0,103.5,0.0,0,0,0.0
seuran HAN,KOR,female,0.0,88.7,0.0,0,0,0.0
sukma LINTANG CAHYANI,INA,female,0.0,84.0,0.0,0,0,0.0
julia CHANOURDIE,FRA,female,0.0,79.0,0.0,0,0,0.0
nolwenn ARC,FRA,female,0.0,73.0,0.0,0,0,0.0
ai TAKEUCHI,JPN,female,0.0,49.0,0.0,0,0,0.0
melina COSTANZA,USA,female,0.0,47.0,0.0,8a,0,19.0
chaeyeong KIM,KOR,female,0.0,42.0,0.0,0,0,0.0
magdalena KOMPEIN,AUT,female,0.0,42.0,0.0,0,0,0.0
claudia GHISOLFI,ITA,female,0.0,38.5,0.0,9a,3,21.8
noé LOOSER,SUI,female,0.0,38.0,0.0,8c,0,19.93
meije LERONDEL,FRA,female,0.0,35.0,0.0,0,0,0.0
käthe ATKINS,GER,female,0.0,34.0,0.0,0,0,0.0
tereza SIRUCKOVA,CZE,female,0.0,33.7,0.0,8a+,0,17.56
clotilde PFISTER,FRA,female,0.0,30.5,0.0,0,0,0.0
anika DEUBLER,AUT,female,0.0,30.0,0.0,0,0,0.0
emma BERNHARD,GER,female,0.0,25.0,0.0,0,0,0.0
joanna NEAME,GBR,female,0.0,19.0,0.0,0,0,0.0
nika POTAPOVA,UKR,female,0.0,18.0,0.0,9a,1,21.47
julia BENACH ZUBERO,ESP,female,0.0,17.0,0.0,0,0,0.0
lana BONNAL,FRA,female,0.0,17.0,0.0,0,0,0.0
kintana ILTIS,FRA,female,0.0,15.0,0.0,8b,0,18.14
lana GORIC,SLO,female,0.0,14.0,0.0,0,0,0.0
lucie WATILLON,BEL,female,0.0,14.0,0.0,8b+,0,19.41
yongshan HUANG,CHN,female,0.0,11.0,0.0,0,0,0.0
olivia MA,USA,female,0.0,11.0,0.0,8b+,0,18.65
zala MLAKAR STARIC,SLO,female,0.0,11.0,0.0,0,0,0.0
cedar PIDGEON,CAN,female,0.0,11.0,0.0,0,0,0.0
sarah FEICHTENSCHLAGER,AUT,female,0.0,10.0,0.0,0,0,0.0
joëlle NIEDERBERGER,SUI,female,0.0,10.0,0.0,0,0,0.0
rowaida ALERWI,KSA,female,0.0,9.0,0.0,0,0,0.0
victoria YSRAEL,GUM,female,0.0,8.0,0.0,0,0,0.0
alyssa KEANINI,USA,female,0.0,7.0,0.0,0,0,0.0
jingjing MAO,CHN,female,0.0,7.0,0.0,0,0,0.0
zihan HUANG,CHN,female,0.0,7.0,0.0,0,0,0.0
martina CASTRO,CHI,female,0.0,7.0,0.0,0,0,0.0
tseng-shun WONG,HKG,female,0.0,6.0,0.0,0,0,0.0
molly DREHER,CAN,female,0.0,6.0,0.0,0,0,0.0
olivia OGIER,USA,female,0.0,6.0,0.0,8c,0,19.83
maría fernanda GONZÁLEZ RÁMIREZ,MEX,female,0.0,5.0,0.0,8a+,0,17.25
hei kiu heidi WONG,HKG,female,0.0,5.0,0.0,0,0,0.0
federica MABBONI,ITA,female,0.0,4.0,0.0,0,0,0.0
quinn MASON,USA,female,0.0,2.0,0.0,8b+,0,18.5
sára ŠIMEKOVÁ,SVK,female,0.0,2.0,0.0,0,0,0.0
danai VALSAMIDI,GRE,female,0.0,1.0,0.0,7c+,0,15.43
